<?xml version="1.0" encoding="UTF-8"?>
<project-private xmlns="http://www.netbeans.org/ns/project-private/1">
    <editor-bookmarks xmlns="http://www.netbeans.org/ns/editor-bookmarks/2" lastBookmarkId="0"/>
    <open-files xmlns="http://www.netbeans.org/ns/projectui-open-files/2">
        <group>
            <file>file:/C:/Users/ftoon/Documents/NetBeansProjects/305_Project/src/pkg305project/ClientHandler.java</file>
            <file>file:/C:/Users/ftoon/Documents/NetBeansProjects/305_Project/src/pkg305project/Server_User.java</file>
            <file>file:/C:/Users/ftoon/Documents/NetBeansProjects/305_Project/src/pkg305project/Server.java</file>
            <file>file:/C:/Users/ftoon/Documents/NetBeansProjects/305_Project/src/pkg305project/CourseManager.java</file>
            <file>file:/C:/Users/ftoon/Documents/NetBeansProjects/305_Project/src/pkg305project/Main.java</file>
            <file>file:/C:/Users/ftoon/Documents/NetBeansProjects/305_Project/src/pkg305project/client.java</file>
        </group>
    </open-files>
</project-private>
